[å¤–:54479AA90145B4713134B78D4FB98AA5],ï½Ÿ
[å¤–:A58DC0E1271B03A5981B57A83271AFA7],ï½ 
[å¤–:0AFE28E4B2FA15E83F442E5587E85054],ðŸ“º
[å¤–:2EFC3F9CB8EA7F1AF59B0E3919EBAAA9],ðŸ“º
[å¤–:6FD7DBAC9AD5D605768457F173A1CBD1],ðŸ“º
[å¤–:E736B8AAD8E113B7C7A6A5E5F6C677BF],ðŸ“º
[å¤–:170193C22E22A88904C34F3EC7129DDB],ðŸ–¥
[å¤–:DD2CF1F7EFC5A536742FB1345A23CC3B],ðŸ–¥
[å¤–:A368B4CE2212EF80E2BF3D68559F5151],ðŸ–¥
[å¤–:063C95566807D5E7B51AB706426BEDF9],ðŸ“±
[å¤–:0597D2DB2327DBEF068CD3E3B05F0770],ðŸ“±
[å¤–:33D4C5243A45503D43FBB858A728664D],ðŸ“±
[å¤–:762CBC6B6F0F7132973C0F6CEB4141C6],â˜Ž
[å¤–:C9CCEA2C615D9136FF4B66C895DD17FE],â˜Ž
[å¤–:C42450812C184AEE2AE01CC5E39AE957],ðŸ“»
[å¤–:5C31E7978A711D0CA0469B294CB47CA6],ðŸ”Š
[å¤–:6EA49A44B21731CA7A07FCC5A6B74C4D],ðŸ”Š
[å¤–:3F642F3778827E651C8B82A4E9F06FD3],ï¨‘
[å¤–:90FA5A71875E1E0D52A623465A7043AB],ï¨‘
[å¤–:A1ACA3019ACEBE43380AC4F1033B2A8D],ï¨‘
[å¤–:CB17DF533B4EBD698A038DEFEDDECF8A],ï¨‘
[å¤–:CCB96A769F9CD55EBDF67B5C03495C0E],ï¨‘
[å¤–:EAA49075E50FBE1FA4B7F593DFD95620],é«™
[å¤–:583134B86E7D90960F64C5B863196978],âž¡
[å¤–:6EB29F1917CAEA1CADF94F5496A4C374],â†±
[å¤–:6F03A512FAAD6B4DC4B66DA4818CF6EB],â†´
[å¤–:13E9349D7AAC534E7FD53B92F3260C5B],â†—
[å¤–:4901D207BFC017051FDCF6629492BF24],â†—
[å¤–:68A5D3A27B73B1E679216A6A6437B4DB],â†³
[å¤–:A78D9B65F46654601CE0145622164B47],â†´
[å¤–:C06A278CFFC82DDC67709E5E9577F148],â†±
[å¤–:CA8EAA5D2CB17DEAFB6DFE425824B018],â†´
